place,title,time,pay,date
서울 성동구,교원구몬 성동지국,시간협의,"월급1,800,000",2분전
경기 포천시,교원구몬 포천지국,시간협의,"월급2,000,000",3분전
울산 전체,교원구몬 동울산지소,시간협의,"월급1,800,000",3분전
울산 전체,교원구몬 동울산지소,시간협의,"월급1,800,000",4분전
충남 천안시,교원구몬 북천안지국,시간협의,"월급1,800,000",5분전
울산 전체,교원구몬 동울산지소,시간협의,"월급1,800,000",5분전
울산 전체,교원구몬 동울산지소,시간협의,"월급1,800,000",6분전
경기 구리시,교원구몬 구리지국,시간협의,"월급2,000,000",8분전
경기 구리시,교원구몬 구리지국,시간협의,"월급2,000,000",8분전
인천 서구,교원구몬 청라지국,시간협의,"월급2,000,000",12분전
부산 전체,교원구몬 해동지국,시간협의,"월급2,000,000",17분전
부산 연제구,교원구몬 연산지국,시간협의,"월급1,800,000",24분전
강원 태백시,교원구몬 태백지소,시간협의,"월급1,800,000",26분전
경남 창원시,교원구몬 서마산지국,시간협의,"월급2,000,000",29분전
대구 전체,교원구몬 북대구지국,시간협의,"월급1,800,000",34분전
인천 계양구,교원구몬 삼산지국,14:00~20:00,"월급2,000,000",37분전
경북 포항시,교원구몬 북포항지국,시간협의,"월급1,800,000",42분전
경기 광주시,교원구몬 곤지암지소,시간협의,"월급2,000,000",43분전
경기 광주시,교원구몬 곤지암지소,시간협의,"월급2,000,000",44분전
대구 북구,교원구몬 운암지국,시간협의,"월급2,000,000",44분전
경기 광주시,교원구몬 곤지암지소,시간협의,"월급2,000,000",44분전
서울 전체,교원구몬 대림지국,시간협의,"월급2,000,000",47분전
경기 양주시,교원구몬 덕계지국,시간협의,"월급1,800,000",47분전
경기 양주시,교원구몬 덕계지국,시간협의,"월급1,800,000",47분전
충북 청주시,교원구몬 서청주지국,시간협의,"월급1,500,000",50분전
대구 전체,교원구몬 도원지국,  :  ~  :  ,"월급2,000,000",50분전
대구 전체,교원구몬 도원지국,  :  ~  :  ,"월급2,000,000",50분전
대구 수성구,교원구몬 지산지국,시간협의,"월급1,800,000",51분전
대구 달서구,교원구몬 상인지국,  :  ~  :  ,"월급1,800,000",53분전
대구 달서구,교원구몬 상인지국,  :  ~  :  ,"월급1,800,000",53분전
대구 달서구,교원구몬 상인지국,  :  ~  :  ,"월급1,800,000",53분전
대구 달서구,교원구몬 상인지국,  :  ~  :  ,"월급1,800,000",53분전
인천 부평구,교원구몬 삼산지국,14:00~20:00,"월급2,000,000",55분전
인천 중구,교원구몬 영종하늘지국,시간협의,"월급1,800,000",57분전
인천 중구,교원구몬 영종하늘지국,시간협의,"월급1,800,000",58분전
경북 상주시,교원구몬 상주지국,시간협의,"월급1,900,000",59분전
대구 중구,교원구몬 남대구지국,시간협의,"월급1,800,000",1시간전
울산 북구,교원구몬 북울산지국,시간협의,"월급1,800,000",1시간전
경남 전체,교원구몬 서진주지국,시간협의,"월급1,800,000",1시간전
경남 전체,교원구몬 서진주지국,시간협의,"월급1,800,000",1시간전
